<?xml version="1.0" encoding="UTF-8"?>
<project-private xmlns="http://www.netbeans.org/ns/project-private/1">
    <editor-bookmarks xmlns="http://www.netbeans.org/ns/editor-bookmarks/2" lastBookmarkId="0"/>
    <open-files xmlns="http://www.netbeans.org/ns/projectui-open-files/2">
        <group>
            <file>file:/C:/Users/ASUS/OneDrive/Documents/NetBeansProjects/SLibrary/src/SLibrary/Book.java</file>
            <file>file:/C:/Users/ASUS/OneDrive/Documents/NetBeansProjects/SLibrary/src/SLibrary/returnBook.java</file>
            <file>file:/C:/Users/ASUS/OneDrive/Documents/NetBeansProjects/SLibrary/src/SLibrary/lendbook.java</file>
            <file>file:/C:/Users/ASUS/OneDrive/Documents/NetBeansProjects/SLibrary/src/SLibrary/Author.java</file>
            <file>file:/C:/Users/ASUS/OneDrive/Documents/NetBeansProjects/SLibrary/src/SLibrary/login.java</file>
            <file>file:/C:/Users/ASUS/OneDrive/Documents/NetBeansProjects/SLibrary/src/SLibrary/Main.java</file>
            <file>file:/C:/Users/ASUS/OneDrive/Documents/NetBeansProjects/SLibrary/src/SLibrary/Category.java</file>
            <file>file:/C:/Users/ASUS/OneDrive/Documents/NetBeansProjects/SLibrary/src/SLibrary/Publisher.java</file>
            <file>file:/C:/Users/ASUS/OneDrive/Documents/NetBeansProjects/SLibrary/src/SLibrary/Member.java</file>
        </group>
    </open-files>
</project-private>
